time,cx,cy,px,py,theta,v,omega
1774377064.864251,1724,974,1569,446,-0.2855386738410202,8913.578478166542,-1.476317504543813
1774377064.93149,1728,968,1672,498,-0.11858985925770553,59.48924370880183,2.4829146794105936
1774377064.96414,1728,968,1573,442,-0.2865660037795504,0.0,-5.144752708205923
1774377064.9977999,1728,968,1480,668,-0.6907909282777187,0.0,-12.00908214847971
1774377065.0325649,1728,968,1479,669,-0.6944092205981814,0.0,-0.10407857869825553
1774377065.0645492,1728,968,1475,668,-0.7006109656155085,0.0,-0.19389948665062748
1774377065.0980532,1728,968,1583,447,-0.271441752802222,0.0,12.809488251139426
1774377065.1312482,1728,968,1671,492,-0.1191803964898625,0.0,4.586873632308803
1774377065.198656,1728,968,1479,671,-0.6977115082679478,0.0,-8.58254850494739
1774377065.2335129,1728,968,1481,670,-0.6920919046040565,0.0,0.1612197409430519
1774377065.2653608,1728,968,1480,670,-0.6940777743112481,0.0,-0.06235470322168444
1774377065.298752,1755,935,1482,666,-0.7927781032161212,808.595374608184,-2.955875163880995
1774377065.331732,1748,944,1488,660,-0.7413091059993765,-212.25007229194378,1.5606140542925593
1774377065.365078,1748,944,1488,659,-0.7395587375163315,0.0,0.05249120589369279
1774377065.398525,1748,944,1490,658,-0.7339729553794726,0.0,0.16700384468807386
1774377065.492776,1748,944,1482,662,-0.7562093754046537,0.0,-0.23592788940849305
1774377065.5320709,1748,944,1670,484,-0.1679675564880744,0.0,14.969905737032942
1774377065.5654988,1748,944,1579,419,-0.3114298199413077,0.0,-4.2916854754110005
1774377065.601567,1748,944,1506,718,-0.8195728870136434,0.0,-14.08839509782303
1774377065.636328,1384,973,1682,501,0.563156822717809,-10471.519883674673,39.77824628901267
1774377065.669665,1485,1078,1684,504,0.3337229131002547,3029.656172671749,-6.882236242505302
1774377065.706356,1263,1078,1502,638,0.4975934560236298,-6050.538283092798,4.466238709140012
1774377065.736492,1515,1077,1510,631,-0.011210292706593968,8362.12792822728,-16.88365887795135
1774377065.7764852,1383,967,1701,468,0.5673773055727571,-3300.553987027852,14.467118214740768
1774377065.809657,1383,967,1700,518,0.6147503874382494,0.0,1.4281091240809995
1774377065.8453188,1383,967,1512,621,0.35686892929854025,0.0,-7.231328765318063
1774377065.875005,1467,1010,1712,465,0.4224723923857155,2829.5963955570905,2.2098966986611153
1774377065.9106472,1467,1010,1714,510,0.45883609841647544,0.0,1.0202445426548261
1774377065.942233,1467,1010,1715,510,0.46044249177087393,0.0,0.05085787450220803
1774377065.9762611,1524,1077,1612,370,0.12383271047168844,1675.0884784619266,-9.892125726172885
1774377066.01068,1524,1077,1541,608,0.03623147250430815,0.0,-2.545155079982648
1774377066.0446248,1419,1076,1535,602,0.2400085251253937,-3093.253169446883,6.003181084578259
1774377066.073098,1403,953,1537,599,0.3618628063648706,-561.9331295792339,4.279622350595462
1774377066.111817,1772,938,1537,603,-0.6117269650558744,9530.219865885874,-25.14505306454545
1774377066.144439,1411,993,1542,600,0.3217505543966422,-11066.118119961704,28.61488225094293
1774377066.178418,1411,993,1540,599,0.316411169592063,0.0,-0.15713806707493572
1774377066.2110028,1411,993,1727,452,0.5286488968925838,0.0,6.5133755410254075
1774377066.24668,1886,982,1561,670,-0.8058034940839864,13313.827092842203,-37.40351241493035
1774377066.271395,1886,982,1531,594,-0.7410127980057568,0.0,2.621518740943671
1774377066.312635,1886,982,1529,594,-0.7438114159106605,0.0,-0.06786177191243153
1774377066.343285,1410,992,1529,593,0.28984648991161976,-15530.109088646193,33.724411844036936
1774377066.378174,1410,992,1640,383,0.36110795475950247,0.0,2.042520566216789
1774377066.411798,1410,992,1608,367,0.30679749627084874,0.0,-1.6152321386437847
1774377066.447843,1856,918,1712,470,-0.31099828060554097,12373.39654989946,-17.13953393306004
1774377066.471936,1463,986,1712,452,0.43631956216098483,-16311.850929710152,31.018160937201372
1774377066.5076091,1916,964,1709,455,-0.3862514980867605,12698.629310805753,-23.058554030645883
1774377066.54174,1410,1038,1711,453,0.47520385864558007,-14825.313988334323,25.2398145266591
1774377066.574949,1410,1038,1621,384,0.31208679633019476,0.0,-4.911820365841307
1774377066.609087,1410,1038,1715,449,0.4778071481332416,0.0,4.854429824694812
1774377066.6446831,1265,1023,1709,487,0.6917949440046104,-4073.476266066537,6.011546260068356
1774377066.672974,1265,1023,1715,444,0.6606843601111514,0.0,-1.0996641395797326
1774377066.715623,1265,1023,1716,445,0.6625983775501817,0.0,0.04487858476869977
1774377066.741293,1914,584,1722,443,-0.9373704438257521,25282.380057212915,-62.32822776843969
1774377066.774715,1914,584,1629,374,-0.9357695914045828,0.0,0.04789817318571485
1774377066.8097541,1914,584,1723,444,-0.9382745065447728,0.0,-0.07148896398570798
1774377066.845025,1914,584,1724,479,-1.0659349551357702,0.0,-3.619424012701451
1774377066.873614,1914,584,1721,481,-1.0805701110612276,0.0,-0.5119154459454898
1774377066.910818,1918,809,1727,444,-0.4821037107734168,107.51524239802622,16.086065023504542
1774377066.94434,1918,809,1624,365,-0.584877613720034,0.0,-3.0658742983663583
1774377066.97597,1911,840,1726,460,-0.45306599337973025,-221.30860959100298,4.167292346492827
1774377067.0116081,1917,831,1538,586,-0.9969292291376517,168.3591723141353,-15.260727370715179
1774377067.0471969,1917,831,1624,379,-0.5751299881427354,0.0,11.852041560272937
1774377067.071912,1917,831,1533,583,-0.9973558006400677,0.0,-17.083659688228305
1774377067.111234,1,436,1713,441,1.5737168792387912,-48726.02871556073,65.38526160207253
1774377067.1462588,1507,963,1613,381,0.18015588865535107,42998.004315714235,-39.78774335147262
1774377067.176546,1526,995,1577,360,0.08014293556745235,627.3263535746336,-3.302145324782231
1774377067.2122,1447,1040,1516,580,0.14888994760949725,-2215.750760650783,1.92818030664088
1774377067.2484858,1432,1016,1907,309,0.5915844833773065,-413.3839704587566,12.200188326406202
1774377067.314483,1431,1014,1879,301,0.5609910529783472,-15.152175483721804,-0.4635570260540611
1774377067.3824599,1431,1014,1674,455,0.4100619254830378,0.0,-2.2202985562721347
1774377067.4508212,1775,1078,1481,505,-0.47406389893177575,5032.088167182836,-12.933136916681839
1774377067.518035,1422,980,1885,752,1.1132145012843455,-5251.899728641612,23.615373935902944
1774377067.585407,1422,980,1827,933,1.45526373796539,0.0,5.077017335358438
1774377067.6534789,1422,980,1795,981,1.5734772855191654,0.0,1.7365998002164171
1774377067.712312,1422,980,1676,1029,1.7613686415124468,0.0,3.193632239743414
1774377067.743498,1896,776,1671,1035,-2.4263272124930615,15199.077214764075,-134.28082834805295
1774377067.777408,1896,776,1643,1047,-2.390532133324857,0.0,1.0555969551390554
1774377067.812211,1896,776,1619,1063,-2.3739231290149188,0.0,0.4772270129350261
1774377067.845449,1896,776,1617,1071,-2.3840618385843038,0.0,-0.30503428808342165
1774377067.8710332,1896,776,1652,366,-0.5368249794469454,0.0,72.20219319367855
1774377067.90815,1915,946,1630,353,-0.44801326094889404,511.8980466215739,2.392765537697768
1774377067.941661,1915,946,1553,575,-0.7731204720327286,0.0,-9.701529478693548
1774377067.975392,1915,946,1553,576,-0.7744696367440631,0.0,-0.03999750454420204
1774377068.014805,1913,571,1637,360,-0.9180841946845689,-50.744709938902666,-3.643839542847349
1774377068.045393,1913,571,1628,357,-0.9267340508326838,0.0,-0.28278675117083885
1774377068.0729442,1507,996,1546,473,0.07443203008225917,-14736.214057010333,36.33841791867174
1774377068.113219,1508,1002,1711,465,0.3614210208436814,24.829385822110403,7.12576037831343
1774377068.144638,1428,973,1543,573,0.27994982252379114,-2546.2268460551977,-2.593051904279896
1774377068.17937,1428,973,1534,585,0.2666881590229719,0.0,-0.3818298708650718
1774377068.211234,1710,1077,1523,584,-0.3625442372645076,8850.066802346462,-19.747335962215374
1774377068.2502139,1498,983,1701,468,0.3754745510796845,-5438.718770834225,18.933380365074946
1774377068.314559,1537,999,1701,454,0.2922982617986156,606.106557285935,-1.292658829332505
1774377068.34149,625,16,1749,663,2.0930985131943673,-33864.26027603424,66.86707063422547
1774377068.377627,625,16,1705,439,1.9440982176075556,0.0,-4.123221343288844
1774377068.4117079,1550,998,1710,435,0.27689153977619796,27141.23655086536,-48.91897386184136
1774377068.447166,1550,998,1628,377,0.12494952479775902,0.0,-4.28511586175634
1774377068.4726038,1550,998,1757,662,0.5521529904555037,0.0,16.794020327498654
1774377068.511154,1550,998,1715,453,0.29397991780322114,0.0,-6.697072510639178
1774377068.546137,1734,310,1762,664,3.062660938464609,5259.673795406529,79.14325550115274
1774377068.577591,1557,1001,1763,660,0.5434328359627376,-5627.292426872437,-80.09284306651412
1774377068.614152,1592,1078,1541,576,-0.10124624928926257,957.3039100607768,-17.632965972746987
1774377068.645466,1443,984,1762,660,0.7776222703563812,-4758.23464112501,28.066192182363483
1774377068.67914,1443,984,1619,358,0.2740749270636682,0.0,-14.953593810222385
1774377068.712477,1718,1032,1544,574,-0.3630706915459581,8249.122832111569,-19.112336254009154
1774377068.745755,442,0,1762,657,2.0326241015899384,-38343.66378655662,71.99037279248208
1774377068.7791958,1443,978,1537,489,0.18991243840429808,29933.469061250096,-55.103648909862216
1774377068.8129761,1445,980,1761,651,0.7652458531369106,59.2060415710908,17.03160703494834
1774377068.8450618,1714,1028,1724,451,0.017329287635919614,8383.808347637412,-23.30999682224354
1774377068.879887,1714,1028,1724,452,0.017359367166188598,0.0,0.0008637257587241548
1774377068.910311,1823,647,1548,473,-1.006659608766117,3582.712045577437,-33.65839559607838
1774377068.946228,1707,591,792,987,-1.9792440048487945,-3229.664473902567,-27.078631654312122
1774377068.981246,1459,658,923,1000,-2.1387318163509352,-7082.078705847109,-4.5544565874252765
1774377069.011602,1882,741,906,990,-1.820590748503402,13934.674227549049,10.480359666335588
1774377069.051003,1910,1075,1763,420,-0.22076944367341414,710.6408810359434,40.603515055873395
1774377069.115566,1674,1074,1735,691,0.15794235875284127,-3655.342356082231,5.865768187105665
1774377069.182462,1503,1056,1581,694,0.21222498117422628,-2556.20811028505,0.8114484191876344
1774377069.255147,1512,1062,1454,837,-0.25228542244403457,123.82196593223841,-6.390732374665624
1774377069.317504,1528,1040,1489,823,-0.17782510500842588,256.5872816810938,1.1940981527446366
1774377069.383666,1541,1026,1586,703,0.13842785776731667,196.48708487084872,4.779970979813437
1774377069.453749,1554,1025,1679,533,0.24880090920480102,185.49459940329785,1.5748926893319806
1774377069.5171971,1583,1037,1668,537,0.1683901571475299,457.06583095659494,-1.2673450761000469
1774377069.583967,1602,1057,1679,535,0.1464534422632497,284.5596226428569,-0.3285422794470903
1774377069.654539,1598,1058,1689,531,0.17098937337094103,-56.67959229867466,0.34767164296307856
1774377069.716054,1554,1040,1686,533,0.2547005790464415,-715.2743903384338,1.3608291273645192
1774377069.784849,1534,1031,1700,636,0.3978431748550105,-290.7189469999688,2.080713236215466
1774377069.851956,1530,1024,1701,636,0.4151113128152951,-59.60633395744439,0.2573225995209873
1774377069.918245,1545,1038,1683,531,0.26575129806609005,226.28125033718533,-2.2531580591887046
1774377069.986031,1542,1032,1704,661,0.4117032281367911,-44.25694036543974,2.153128621786616
1774377070.055263,1525,1050,1706,637,0.41304536214699067,-245.5512363110407,0.019386039147035086
1774377070.116866,1525,1037,1693,647,0.40674707172597097,0.0,-0.10223988012340111
1774377070.183566,1533,1021,1694,633,0.3933261875852655,119.94006291106663,-0.2012127110197938
1774377070.255222,1535,1050,1692,628,0.3561712479995378,27.91113536318779,-0.518518274094155
1774377070.316824,1540,1048,1699,627,0.3611113682064353,81.16635768663619,0.0801943127456042
1774377070.384207,1442,897,1748,749,1.1203058532668462,-1454.3716656346749,11.266846405897644
1774377070.453938,1440,896,1699,634,0.7796400696464252,-28.68164924625521,-4.885428258000794
1774377070.516196,1551,1072,1700,630,0.32514037192108103,1782.9032547131878,-7.300261174240325
1774377070.584736,1676,1065,1688,624,0.027204171397213112,1823.7499913036825,-4.34688914491565
1774377070.655744,1521,1015,1692,628,0.4160645057238227,-2182.8536509204946,5.47629161601938
1774377070.717791,1544,1056,1678,623,0.3001209901798129,370.6867093957978,-1.8686400109908485
1774377070.7856152,1564,1077,1662,553,0.18488701432886856,294.8803234027595,-1.6990116032956124
1774377070.854114,1576,1077,1661,640,0.19210926547976662,175.18542315657575,0.10543609366776187
1774377070.9177458,1537,1046,1660,563,0.2493581971701591,-612.9013567336478,0.8996909719126535
1774377070.986349,1520,1077,1117,822,-1.0066402782464505,-247.80157293140059,-18.308141047510407
1774377071.0557818,1517,1076,1647,556,0.24497866312686414,-43.207285163895584,18.026352172149974
1774377071.119374,1535,1041,1652,645,0.2872814533971342,283.0536020245571,0.6652198423160735
1774377071.186029,1534,1028,1650,554,0.2400085251253937,-15.002643335682171,-0.7092188822942086
1774377071.259361,1588,1061,1647,644,0.1405538720674008,736.3763090218059,-1.356223154331279
1774377071.31994,1592,1070,1643,640,0.11805315874911705,66.02941512159221,-0.3714272350562241
1774377071.385043,1422,864,1654,644,0.8119406011488455,-2611.25418862452,10.658332296472036
1774377071.4544199,1537,1075,874,700,-1.0560468622837613,1657.611172969332,-26.925190350891572
1774377071.516999,1505,1024,974,737,-1.0752840435481466,-511.3523826940368,-0.30740557737063967
1774377071.5871649,1500,1007,1000,761,-1.1135691753170693,-71.2597138265086,-0.5456375067327222
1774377071.654746,1524,1043,1021,785,-1.09686427027771,355.1284714382479,0.24718280800619782
1774377071.7182899,1582,1077,1644,560,0.11935265418567421,912.756290287481,19.139821519966347
1774377071.784866,1539,1031,1644,557,0.21799870468744134,-645.8760425582203,1.481700481676272
1774377071.855891,1532,1027,969,750,-1.1135634551804727,-98.55699227928835,-18.747823072784932
1774377071.9172502,1528,1036,1643,558,0.23609877813260277,-65.18993312843149,21.99609768391222
1774377071.9852061,1524,1034,1643,556,0.24399392686220162,-58.861641663275186,0.11618035384997738
1774377072.056158,1542,1048,1647,559,0.21151226910104465,253.6928567108208,-0.45779803045172857
1774377072.1171682,1527,1040,1644,558,0.23813280430420927,-245.86084136071435,0.4363298121681713
1774377072.185293,1531,1047,1641,558,0.22126578054734308,58.71579359968642,-0.24759017138729067
1774377072.259776,1528,1040,1640,558,0.2283135394129234,-40.27756277908484,0.09462218338675432
1774377072.320666,1421,869,1639,559,0.6128876557907714,-1757.2683767243168,6.315887226331677
1774377072.3912199,1502,1005,1625,567,0.27377070446322926,1148.0603938849165,-4.80650297177963
1774377072.4465852,1423,867,1638,559,0.6094173500871243,-1426.88589650287,6.062398289230792
1774377072.473711,1421,873,1637,556,0.5981251789774865,-73.73044808128395,-0.4162884178620607
1774377072.51234,1422,869,1640,644,0.7695981239074701,25.887249879645974,4.438962973001257
1774377072.545332,1559,1061,1646,645,0.20616321704540047,4152.536154591047,-17.077984098564844
1774377072.579628,1558,1068,1643,646,0.19876230159567426,-29.15788888270953,-0.215795070313445
1774377072.612598,1421,874,1637,597,0.6622916076527677,-4155.298786572755,14.0591442554741
1774377072.649809,1425,868,1634,561,0.5977110363816764,107.49526506657098,-1.7355264067341343
1774377072.716776,1536,1053,1633,562,0.19504446700320333,1657.5325548276844,-6.012909436807203
1774377072.7852092,1535,1047,1027,798,-1.1150536914729596,-14.612772184092256,-19.14416592861096
1774377072.855308,1524,1047,1035,790,-1.0869085671523004,-156.92120156726165,0.4015060660597998
1774377072.9180741,1537,1066,1048,765,-1.019027254135641,207.1182557167819,1.0814968575211819
1774377072.985675,1541,1073,1075,827,-1.085080993404458,59.170752524344095,-0.9771123648956795
1774377073.054646,1429,868,1127,877,-1.6005888336228205,-1623.8728174637467,-7.474278293928957
1774377073.112721,1548,1056,1114,832,-1.09432890732119,2049.07619548082,8.717354316895339
1774377073.145975,1541,1050,1075,771,-1.031324094949536,-210.50006452630524,1.8946452956715603
1774377073.18013,1536,1054,1635,562,0.19856789225536595,-146.39191377673535,36.00924834911954
1774377073.213109,1536,1038,1635,561,0.20464180982977792,0.0,0.18417524636380123
1774377073.2491279,1597,1069,1633,560,0.07060933588446747,1693.5577531540835,-3.721175990565626
1774377073.2749481,1425,873,1633,562,0.5894851821499695,-6661.436850172671,20.09569001731131
1774377073.3131788,1501,1015,1627,564,0.27243290319969954,1987.9333711670024,-8.293142180655144
1774377073.348474,1417,870,1649,646,0.8029402234548508,-2379.9237768425887,15.030559348384292
1774377073.379464,1504,1021,1636,650,0.3418281774101662,2807.3675998799827,-14.879436988278325
1774377073.41503,1517,1042,1640,649,0.3033194620025432,365.516688453159,-1.0827367794138067
1774377073.448842,1553,1074,1643,648,0.2082059495239874,1064.709303473466,-2.813006711721055
1774377073.474499,1508,1067,1644,649,0.31455643390635013,-1753.9115162666221,4.145096429305767
1774377073.515987,1213,424,1643,650,2.054698992232865,-7110.50139932074,41.943342698299176
1774377073.547283,1511,1069,1638,555,0.2422301588247842,9521.979141431455,-57.91372626243741
1774377073.580596,1513,1068,1636,557,0.23621100593134445,60.03655752370728,-0.180684609465492
1774377073.6143339,1419,873,1636,557,0.6017499284787893,-2786.184259435929,10.834668002264467
1774377073.6494222,1496,1026,1630,556,0.27773754551737884,2194.4636375372866,-9.234199902865209
1774377073.674191,1226,403,1043,710,-2.6040522240590813,-10900.797782227013,-116.34743529275399
1774377073.7162108,1495,1000,1039,741,-1.0542519096110403,6401.737227934001,36.88258129689905
1774377073.746738,1223,405,1036,740,-2.632468835510973,-8910.111590128085,-51.69885633528422
1774377073.782141,1577,1021,1029,731,-1.0840647958037894,9999.14887770976,43.73650428214504
1774377073.814954,1420,872,1022,730,-1.2280907563093137,-4784.678466591101,-4.389286062808169
1774377073.8506591,1420,870,1648,645,0.7920205831401161,0.0,56.577685809760425
1774377073.874495,1441,865,1634,550,0.5497042845240224,881.024096024006,-10.166023711434622
1774377073.9163132,1443,865,1004,877,-1.598124373634718,47.82613256707602,-51.36116906823246
1774377073.946002,1443,866,1634,547,0.5394969913071841,0.0,72.00084996836978
1774377073.983095,1499,1013,1646,640,0.37541146983111995,1509.7219033417107,-4.423634032029655
1774377074.0143611,1524,1060,1639,649,0.2728281976735086,799.5851761476285,-3.280962549517752
1774377074.050632,1002,690,1661,641,1.4965778190195884,-14391.71955748664,33.73919800573419
1774377074.12042,957,798,1680,592,1.2932275282479966,-644.8101888545738,-2.9138297643569473
1774377074.185329,1436,856,1697,626,0.8484509279173272,7379.564279627399,-6.8523121340591215
1774377074.2132459,1101,967,1716,618,1.0546321367042581,-11999.89615003587,7.385531622483684
1774377074.250104,974,795,1732,615,1.3376477468786352,-3445.648653893424,7.6785224899855775
1774377074.3206668,1570,1012,1760,605,0.4367616588039879,8446.37211533913,-12.767146196997741
1774377074.347768,1571,941,1784,587,0.541664829639266,36.8986284980338,3.870783128916701
1774377074.382528,1591,957,1787,591,0.4916575229719661,575.3740208787742,-1.438645255524114
1774377074.41552,1645,1020,1801,594,0.3510308867424203,1636.766075532238,-4.262461249939506
1774377074.4507258,1586,914,1841,531,0.5873998308658989,-1675.8582728356268,6.7139127195042985
1774377074.516363,1698,1000,1875,450,0.31135136715592404,1706.351744629534,-4.205676586194805
1774377074.54651,1706,953,1750,765,0.2299044281319047,265.3657055185613,-2.7016530545545168
1774377074.581883,1736,943,1865,643,0.40609805831761564,848.1051460924073,4.981024148973465
1774377074.61713,1790,963,1894,444,0.19776606742833255,1532.0414781144098,-5.910615764083982
1774377074.649337,1806,928,1897,450,0.18812536994648205,496.786225071436,-0.29933535681651324
1774377074.678009,1877,939,1873,775,-0.024385409172718538,2476.285217738381,-7.411792971027362
1774377074.716057,1916,901,1903,442,-0.028314870681310483,1025.0202462637467,-0.10327634880053407
1774377074.750805,1916,901,1902,447,-0.03082723546165833,0.0,-0.07230276341005813
1774377074.779982,1822,824,1904,444,0.212530630112998,-3221.6948797986565,8.340689249793618
1774377074.8169,1918,939,1907,435,-0.021821932321208205,2600.3628402596146,-6.347934321599282
1774377074.8500109,1914,966,640,856,-1.4846677028323283,-120.80629621895635,-44.180244868753455
1774377074.876076,1916,830,634,856,-1.591074358137714,76.73092156414361,-4.082340361070209
1774377074.918394,1906,640,657,874,-1.755999251170415,-236.30547339361672,-3.8972654922484002
1774377074.947972,1909,653,1847,356,-0.20579872339752775,101.4268372306725,52.41064553510775
1774377074.983947,1909,653,1915,450,0.029548047901893776,0.0,6.541957082962747
1774377075.015976,1909,653,791,928,-1.8119831395465467,0.0,-57.495899371290115
1774377075.05224,1909,653,783,925,-1.807818708898704,0.0,0.11483667620391984
1774377075.075488,1909,653,632,858,-1.7299707521656822,0.0,3.3485590843722775
1774377075.1166441,1909,653,783,932,-1.8136842549375627,0.0,-2.0340507790483744
1774377075.149965,1909,653,1909,443,0.0,0.0,54.43082417623062
1774377075.181685,23,252,1774,255,1.5725096318003708,-59457.899656502035,49.57482497161686
1774377075.214255,23,252,1755,406,1.659477668207112,0.0,2.6701782677052015
1774377075.254317,23,252,625,860,2.361153127236772,0.0,17.514760191570293
1774377075.31978,23,252,777,939,2.309732462678885,0.0,-0.7854912337667513
1774377075.348688,23,252,655,898,2.367148668614414,0.0,1.9861855224021259
1774377075.3819258,23,252,1913,429,1.6641747650320349,0.0,-21.14974718952146
1774377075.415947,23,252,635,879,2.3683004362966105,0.0,20.696710602948208
1774377075.449229,23,252,767,942,2.3185553709929563,0.0,-1.4946518599045666
1774377075.477705,23,252,1910,556,1.7305261685515658,0.0,-20.649993183994354
1774377075.51596,23,252,1912,518,1.7106917531136911,0.0,-0.5184793553797031
1774377075.55088,23,252,534,729,2.321795109613835,0.0,17.50010755185184
1774377075.581318,23,252,1908,450,1.6754523381862048,0.0,-21.234769410571303
1774377075.617399,23,252,1897,451,1.6765898300945952,0.0,0.03152599769603546
1774377075.649889,23,252,1891,458,1.68063088979264,0.0,0.12437851119259553
1774377075.6765928,23,252,1881,531,1.7198441816062817,0.0,1.4684517223235276
1774377075.717094,23,252,1890,530,1.7186122453732477,0.0,-0.030417339145244787
1774377075.7475982,23,252,1864,535,1.7233232012130604,0.0,0.1544361667819472
1774377075.783733,672,622,1876,363,1.3589090278795157,17960.565426233836,-10.084876120807467
1774377075.814313,668,626,1871,359,1.35239144217703,-130.8042600302506,-0.21313199374934666
1774377075.852641,666,628,1868,538,1.4960605742230997,-52.180940532470764,3.748395217823826
1774377075.9190469,660,630,1834,545,1.4985203979337183,-90.35358997005666,0.03704231715797592
1774377075.986857,656,630,1849,471,1.4382997003346578,-58.988298829882986,-0.8880791264293488
1774377076.056763,652,630,1868,184,1.219254881750231,-57.21969802903751,-3.1334195935565528
1774377076.117643,652,631,1898,205,1.2413610053303772,0.0,0.3631086843810532
1774377076.147379,651,630,1815,558,1.509019365234547,-33.62949302843948,9.001214948400822
1774377076.184608,651,630,1861,207,1.2344896823482732,0.0,-7.374069465569194
1774377076.213642,651,631,1897,214,1.247842403544703,0.0,0.4599010644462491
1774377076.254123,651,631,1895,223,1.2538766526922307,0.0,0.14906340383103583
1774377076.320936,652,631,1853,576,1.5250331297220234,14.967148882719442,4.058439362218603
1774377076.387739,652,630,1907,241,1.2702270047922355,0.0,-3.8142928742344866
1774377076.4577181,652,631,1901,234,1.2630409975916763,0.0,-0.10268777211763033
1774377076.519267,651,631,1901,240,1.2676381721593637,-16.247231314520345,0.07469135859444692
1774377076.588192,652,631,1835,387,1.3673933704677346,14.50854399291575,1.4473026831790337
1774377076.657991,651,630,1892,223,1.253888349556301,-14.326863826095273,-1.6261709781762066
1774377076.721366,652,631,1900,241,1.2679114584199251,15.779093651952117,0.22127194805064662
1774377076.786968,651,631,1818,501,1.4598569651225155,-15.243422798059276,2.9259065128553052
1774377076.857205,652,630,1501,984,1.9658383245626512,14.237526095147576,7.203922808687176
1774377076.921834,652,631,1860,248,1.2637689410435557,0.0,-10.863057407097973
1774377076.989265,652,630,1839,243,1.2556312901626574,0.0,-0.12068120201238738
1774377077.057792,651,630,1304,1057,2.149911855394357,-14.592791808588736,13.05005010689325
1774377077.121862,651,631,1731,511,1.460139105621001,0.0,-10.765926280622436
1774377077.188791,651,628,1727,516,1.467080602948185,0.0,0.10371418599035322
1774377077.2582421,651,631,1722,604,1.5455915814679548,0.0,1.1304498513533665
1774377077.321472,651,628,1912,624,1.5676242517878298,0.0,0.3484539026539204
1774377077.3883362,651,630,1821,291,1.288775440040917,0.0,-4.170372105107607
1774377077.457109,652,631,1714,414,1.3692394014236726,14.540633861898257,1.1699970015445695
1774377077.523069,651,629,1751,246,1.2357421858644184,-15.160719449424557,-2.0239138323732075
1774377077.589932,651,630,542,164,-0.22977456362460477,0.0,-21.918182469401405
1774377077.6585448,651,630,1792,262,1.2588054203100374,0.0,21.69536414915754
1774377077.722795,651,630,1844,298,1.299373985872444,0.0,0.6314150947646969
1774377077.7897868,651,630,1795,243,1.2445943747247314,0.0,-0.8177061404040636
1774377077.8603158,652,630,1829,270,1.2739699341186423,14.17856804813738,0.416503367818667
1774377077.9224808,652,631,1741,527,1.4755846213246626,0.0,3.243217504887875
1774377077.99046,652,629,1826,265,1.2701440309093843,0.0,-3.0221141258786965
1774377078.0587368,651,630,1792,245,1.2453693183741446,-14.646245818405303,-0.36285652987144895
1774377078.1216881,651,630,1817,260,1.2635225272720778,0.0,0.28836896606701734
1774377078.181967,651,629,1757,534,1.4851115229250056,0.0,3.6760628206648693
1774377078.218047,652,630,1867,301,1.306355869865066,27.716275688891827,-4.954440961157188
1774377078.2502122,651,630,1885,310,1.3170659845232349,-31.089414502894503,0.33297119398134095
1774377078.279325,651,629,1817,254,1.2596314859377242,0.0,-1.9728252625151639
1774377078.315989,652,629,1803,246,1.249567148784797,27.274704122772793,-0.274501818037919
1774377078.35169,651,630,1838,272,1.2778716718137766,-28.01039127560254,0.7928207649110205
1774377078.3825269,651,630,1816,257,1.2609376626735191,0.0,-0.5491489981600164
1774377078.418407,651,630,1821,261,1.2652856438859252,0.0,0.1211808932775146
1774377078.45116,651,630,1817,260,1.2635225272720778,0.0,-0.0538307059888679
1774377078.480783,651,630,1825,262,1.2670386890527006,0.0,0.11869689187039732
1774377078.517714,651,629,1823,260,1.2657752282374255,0.0,-0.03421135410814371
1774377078.550546,652,629,1838,270,1.2768660118147441,30.458175691867517,0.33780503475844975
1774377078.5823622,651,630,1826,267,1.2711615076121086,-31.430485511101786,-0.17929533668895667
1774377078.619257,651,630,1826,265,1.269608426487973,0.0,-0.04209485338283028
1774377078.6511822,651,630,1823,265,1.268883417097185,0.0,-0.02270962620847563
1774377078.679737,651,630,1810,251,1.2547511046839117,0.0,-0.49491696015832104
1774377078.7174542,651,630,1829,273,1.2765382012275828,0.0,0.5776450007364595
1774377078.7496252,651,630,1881,308,1.3147536359429335,0.0,1.1878841715517425
1774377078.786342,651,630,1826,271,1.274272139814319,0.0,-1.1025363545576452
1774377078.816313,651,630,1825,271,1.2740341284008951,0.0,-0.007941357935610325
1774377078.854367,651,630,1831,273,1.2770087153119094,0.0,0.07816754450983508
1774377078.921958,651,630,1827,274,1.276844994304534,0.0,-0.0024222326025286575
1774377078.949023,651,630,1816,273,1.2734438377161637,0.0,-0.1256660531120581
1774377078.9860532,651,630,1809,271,1.2701748999120641,0.0,-0.08827756900439042
1774377079.016217,651,630,1858,297,1.3016022855715779,0.0,1.041892008767596
1774377079.052881,651,630,1783,241,1.2397990082071262,0.0,-1.6856661039330807
1774377079.0787919,651,630,1781,234,1.2337273721613544,0.0,-0.2343278985013039
1774377079.12005,651,630,1780,234,1.233450948972859,0.0,-0.006699853135236404
1774377079.149951,651,630,1778,238,1.2360594894780819,0.0,0.08723915890744822
1774377079.1862159,651,630,1779,238,1.2363345926348281,0.0,0.0075859352737798315
1774377079.2171059,652,629,1803,243,1.2472223829108229,32.372948858461584,0.3524698777864329
1774377079.253762,651,629,1816,256,1.2609376626735191,-27.280558319837134,0.37416048943911745
1774377079.2780402,651,630,1831,268,1.2731313240123048,0.0,0.5022480853178232
1774377079.318474,652,629,1802,246,1.2493066646438353,24.73173262889759,-0.5892251054755465
1774377079.350515,651,629,1784,237,1.2377036051400148,-31.210173451696196,-0.3621334996845919
1774377079.385704,651,630,1818,252,1.2575529144219821,0.0,0.5640746732156652
1774377079.416706,651,629,1802,616,1.5595022805265375,0.0,9.739659730295626
1774377079.453558,651,629,1884,287,1.3002259824627818,0.0,-7.035632304707333
1774377079.479028,651,630,1900,275,1.2938718917191856,0.0,-0.24947334733291862
1774377079.518463,651,629,1891,279,1.2956949511277136,0.0,0.04622958228695327
1774377079.55073,651,629,1907,288,1.3056899069021888,0.0,0.3097569269880177
1774377079.586266,651,630,1824,205,1.2231894670389947,0.0,-2.3215984335349753
1774377079.616506,651,630,1892,257,1.2788221253116823,0.0,1.8397007247450776
1774377079.659456,651,629,1871,218,1.24585246465764,0.0,-0.7676304063942473
1774377079.719777,651,630,1910,238,1.2689519936940472,0.0,0.3829428154997667
1774377079.7477791,651,628,1839,205,1.2287325397037197,0.0,-1.4363052622793455
1774377079.78602,651,628,1804,192,1.2092721503802617,0.0,-0.5088892900042207
1774377079.817201,651,630,1885,309,1.316306822429831,0.0,3.4327044479836455
1774377079.853705,651,630,1892,332,1.3351294431703005,0.0,0.5156313049019562
1774377079.878776,652,629,1819,325,1.3159627936516407,39.8864924493134,-0.7644904213046589
1774377079.9189398,651,631,1870,301,1.3064194056636287,-24.898070153568526,-0.23761194362824645
1774377079.9507651,651,632,1824,307,1.3005091359764307,0.0,-0.18570976356963909
1774377079.9866948,652,629,1867,430,1.4084517547293047,27.832143331121433,3.004274436666586
1774377080.0176919,652,630,1840,387,1.3690339824746096,0.0,-1.2716625503915573
1774377080.053484,650,633,1769,325,1.3022016536515424,-55.87823318212399,-1.8672362270398684
1774377080.0792801,651,629,1767,326,1.305681933580922,38.76543711932863,0.13491457276002652
1774377080.1206012,651,629,1761,349,1.3236990227701797,0.0,0.4360270104081076
1774377080.150787,651,632,1761,332,1.3068326031691921,0.0,-0.5587508881525052
1774377080.1863701,652,631,1762,327,1.3034773675168607,28.10329255055412,-0.09429316911351927
1774377080.217011,652,629,1761,340,1.315870901771741,0.0,0.40447762007657423
1774377080.2551801,651,631,1760,344,1.3175603878640683,-26.199171731431107,0.044263136270748196
1774377080.322034,651,629,1812,408,1.382693562831345,0.0,0.9742634271783629
1774377080.388061,651,632,1847,446,1.4165138340224934,0.0,0.5122175314984525
1774377080.4158568,651,630,1739,312,1.286437604759277,0.0,-4.679709468740358
1774377080.454102,651,629,1716,348,1.3128256618216456,0.0,0.689970409251934
1774377080.52174,652,631,1697,368,1.3242421529302157,14.784605948662996,0.16878832235662408
1774377080.588345,651,630,1679,373,1.3258176636680326,-15.013867311946507,0.023654509166128525
1774377080.61618,651,631,1668,377,1.3260490380276242,0.0,0.008312385667700147
1774377080.6546812,651,629,1661,376,1.3253517890220257,0.0,-0.018109769844927407
1774377080.721351,652,631,1648,381,1.3248729308362013,14.99931696187503,-0.0071825457089683626
1774377080.749367,652,630,1652,391,1.3361970974754966,0.0,0.40420224522469195
1774377080.785613,651,628,1661,373,1.323489379167381,-27.58920454919192,-0.3505958397561145
1774377080.816857,651,630,1664,388,1.3362970192186958,0.0,0.4099226681861476
1774377080.854943,651,630,1683,368,1.3221730328809045,0.0,-0.3708451797409826
1774377080.922076,651,630,1740,338,1.3088227423972303,0.0,-0.1988634570305588
1774377080.948813,651,630,1836,330,1.3228414819792058,0.0,0.5243203365670464
1774377080.987442,651,630,1880,334,1.3344513708593113,0.0,0.30054809451421427
1774377081.0145721,652,629,1891,358,1.355462697382387,36.85939257592801,0.7744647328550512
1774377081.056702,651,630,1675,572,1.514216156205751,-23.736193090178546,3.7682027523650796
1774377081.121382,651,630,1717,574,1.518311738841933,0.0,0.06332059889589071
1774377081.14884,651,630,1904,266,1.288075178548212,0.0,-8.385059312009469
1774377081.187707,651,629,1719,720,1.6557970126493595,0.0,9.461030300931046
1774377081.215873,651,631,1877,225,1.2510046337517386,0.0,-14.371638809008243
1774377081.255536,652,630,1766,492,1.4475463041741157,25.21236602768711,4.955280534382015
1774377081.3220139,652,632,1712,729,1.6620516039057258,0.0,3.2267219815997366
1774377081.348844,653,630,1894,266,1.285486692333404,37.2714379654149,-14.035115741619736
1774377081.387247,652,630,1905,269,1.2902845150725566,-26.039609123756783,0.12493342877260383
1774377081.417541,651,632,1765,599,1.5411820069128932,-33.00990067840897,8.282101286111436
1774377081.454598,651,630,1809,589,1.535405238131705,0.0,-0.15588905735139794
1774377081.4800372,651,630,1787,599,1.5435143651204284,0.0,0.31876423397667064
1774377081.516078,652,632,1791,599,1.5418316463699844,27.746345077596814,-0.04668929511836208
1774377081.549592,652,630,1781,195,1.2030290916696367,0.0,-10.109277434337027
1774377081.587747,652,630,1750,526,1.4763603944973525,0.0,7.163693819910142
1774377081.617602,652,631,1850,260,1.2704800680969621,0.0,-6.896005275013478
1774377081.655523,651,631,1907,319,1.3273169129195324,-26.37064607801222,1.498824319006901
1774377081.7226791,651,630,1763,629,1.5698970464617747,0.0,3.6121844281729576
1774377081.790449,652,630,1745,215,1.2079211646072752,14.75584262982547,-5.341259148437293
1774377081.861171,651,629,1805,264,1.2644613267104485,-14.139850992819337,0.7994694672487221
1774377081.9235609,586,632,1714,290,1.2764141384193546,-1041.83612170497,0.19158263068117598
1774377081.9523132,508,619,1558,663,1.6126765861298586,-2712.8239079239775,11.695138557513998
1774377081.983814,416,609,1448,668,1.6279047045430606,-2920.559232236384,0.4834198024050627
1774377082.019823,1897,370,1394,675,-2.1158805162637595,41128.523064495836,-103.96783038654418
1774377082.053965,1849,372,1305,481,-1.7685453684257424,-1405.8923199396656,10.173246183137012
1774377082.082456,1793,375,1262,474,-1.7551207356945957,-1965.5315815899583,0.47118820721991206
1774377082.120863,1767,388,1246,485,-1.7548692108303783,-676.9625923396859,0.006548958619942848
1774377082.150968,1766,391,1248,491,-1.761500536698973,-33.21694781024788,-0.2202724052898611
1774377082.1876411,1767,394,1249,502,-1.7763458942134762,27.267966037784916,-0.4048027045242459
1774377082.21929,1765,392,1300,335,-1.4488241712648755,-63.19340088138913,10.348605767827095
1774377082.2563999,1766,390,1254,501,-1.7842893354541627,26.94702216511404,-9.03978721503234
1774377082.325814,1766,394,1255,619,-1.9855654964556346,0.0,-2.8996421262094283
1774377082.391177,1766,392,1253,624,-1.995512900595543,0.0,-0.15218724274721387
1774377082.4646342,1766,391,1325,371,-1.5254759068668882,0.0,6.398783659126107
1774377082.5196722,1767,392,1247,515,-1.8030657332648439,18.169273021841402,-5.043605343910015
1774377082.550715,1767,392,1251,516,-1.8066344766659654,0.0,-0.11496198030996051
1774377082.586159,1766,391,1262,715,-2.1421338066285234,-28.213503023617175,-9.465611360320164
1774377082.617882,1766,391,1304,347,-1.4758446204521403,0.0,21.00333242196029
1774377082.655078,1766,393,1263,718,-2.144441417662381,0.0,-17.97500317878933
1774377082.680501,1765,391,1313,361,-1.5045218487668701,-39.33438367469427,25.17084184388099
1774377082.7208269,1766,392,1250,645,-2.0266619917202116,24.797970899674233,-12.948016070508706
1774377082.751742,1765,393,1257,717,-2.138543873905302,-32.346734327161116,-3.6190135190638673
